<?xml version="1.0"?>

<beans xsi:schemaLocation="http://www.springframework.org/schema/beans http://www.springframework.org/schema/beans/spring-beans.xsd http://www.springframework.org/schema/context http://www.springframework.org/schema/context/spring-context.xsd http://www.springframework.org/schema/mvc http://www.springframework.org/schema/mvc/spring-mvc.xsd" xmlns:mvc="http://www.springframework.org/schema/mvc" xmlns:context="http://www.springframework.org/schema/context" xmlns:xsi="http://www.w3.org/2001/XMLSchema-instance" xmlns="http://www.springframework.org/schema/beans">

<context:component-scan base-package="com.StationaryBooking"/>
<context:annotation-config/>
<mvc:annotation-driven/>

<bean class="org.springframework.jdbc.datasource.DriverManagerDataSource" id="dataSource">

<property value="oracle.jdbc.driver.OracleDriver" name="driverClassName"/>

<property value="jdbc:oracle:thin:@10.232.71.29:1521:INATP02" name="url"/>

<property value="shobana" name="username"/>

<property value="shobana" name="password"/>

</bean>

<!-- Definition for studentJDBCTemplate bean -->



<bean class="com.StationaryBooking.BookingJDBCTemplate" id="bookingJDBCTemplate">

<property name="dataSource" ref="dataSource"/>

</bean>
<bean class="com.StationaryBooking.BookingBean" id="test"/>

<bean class="com.StationaryBooking.MetaData" id="metaData"/>

<bean class="com.StationaryBooking.Data" id="data"/>

<bean class="com.StationaryBooking.ErrorDetails" id="error"/>

<bean class="com.StationaryBooking.Response" id="response"/>

<mvc:default-servlet-handler/>


</beans>